{
  "corpus": {
    "dir": "/Users/sarath.soman/Dev/pramana-cli-prama",
    "artifacts": 13,
    "buildTimeMs": 13.82991600000014
  },
  "model": {
    "id": "Xenova/all-MiniLM-L6-v2",
    "loadTimeMs": 2044.569583,
    "embedTimeMs": 593.4985410000004,
    "embedPerArtifactMs": 45.653733923076956
  },
  "memory": {
    "rss": 451739648,
    "heapUsed": 28858882
  },
  "latency": {
    "fts5": {
      "p50": 0.19708300000002055,
      "p95": 0.6638749999997344,
      "p99": 0.679834000000028
    },
    "semantic": {
      "p50": 1.7199999999998,
      "p95": 2.563832999999704,
      "p99": 2.9359999999996944
    }
  },
  "aggregates": {
    "exact": {
      "fts5": {
        "meanP3": 0.6166666666666667,
        "meanP5": 0.585,
        "meanR5": 0.7166666666666666,
        "mrr": 0.9
      },
      "semantic": {
        "meanP3": 0.33333333333333337,
        "meanP5": 0.25999999999999995,
        "meanR5": 0.7833333333333333,
        "mrr": 0.7616666666666667
      }
    },
    "synonym": {
      "fts5": {
        "meanP3": 0.05,
        "meanP5": 0.05,
        "meanR5": 0.1,
        "mrr": 0.05
      },
      "semantic": {
        "meanP3": 0.4,
        "meanP5": 0.26000000000000006,
        "meanR5": 0.9666666666666666,
        "mrr": 0.82
      }
    },
    "concept": {
      "fts5": {
        "meanP3": 0,
        "meanP5": 0,
        "meanR5": 0,
        "mrr": 0
      },
      "semantic": {
        "meanP3": 0.4,
        "meanP5": 0.32,
        "meanR5": 0.6083333333333334,
        "mrr": 0.7176190476190477
      }
    },
    "all": {
      "fts5": {
        "meanP3": 0.22222222222222224,
        "meanP5": 0.21166666666666664,
        "meanR5": 0.2722222222222222,
        "mrr": 0.31666666666666665
      },
      "semantic": {
        "meanP3": 0.3777777777777778,
        "meanP5": 0.2800000000000001,
        "meanR5": 0.7861111111111111,
        "mrr": 0.7664285714285713
      }
    }
  },
  "perQuery": [
    {
      "query": "StoragePlugin",
      "category": "exact",
      "fts5": {
        "top5": [
          "programming-model",
          "pramana",
          "storage",
          "cli"
        ],
        "p3": 0.6666666666666666,
        "r5": 0.6666666666666666,
        "rr": 1,
        "ms": 0.679834000000028
      },
      "semantic": {
        "top5": [
          "multi-tenant",
          "cli",
          "pramana",
          "tui",
          "programming-model"
        ],
        "p3": 0,
        "r5": 0.3333333333333333,
        "rr": 0.2,
        "ms": 2.9359999999996944
      }
    },
    {
      "query": "FTS5 full text search",
      "category": "exact",
      "fts5": {
        "top5": [],
        "p3": 0,
        "r5": 0,
        "rr": 0,
        "ms": 0.1914999999999054
      },
      "semantic": {
        "top5": [
          "storage",
          "engine",
          "pramana",
          "claude-plugin",
          "parser"
        ],
        "p3": 0.3333333333333333,
        "r5": 1,
        "rr": 1,
        "ms": 1.8753330000004098
      }
    },
    {
      "query": "TenantManager",
      "category": "exact",
      "fts5": {
        "top5": [
          "engine",
          "cli",
          "pramana",
          "multi-tenant",
          "data-source"
        ],
        "p3": 0.3333333333333333,
        "r5": 1,
        "rr": 1,
        "ms": 0.6638749999997344
      },
      "semantic": {
        "top5": [
          "multi-tenant",
          "claude-plugin",
          "pramana",
          "data-source",
          "cli"
        ],
        "p3": 0.3333333333333333,
        "r5": 0.5,
        "rr": 1,
        "ms": 1.6447499999999309
      }
    },
    {
      "query": "wikilink parser",
      "category": "exact",
      "fts5": {
        "top5": [
          "parser"
        ],
        "p3": 1,
        "r5": 0.5,
        "rr": 1,
        "ms": 0.2782910000000811
      },
      "semantic": {
        "top5": [
          "knowledge-artifact",
          "parser",
          "programming-model",
          "pramana",
          "storage"
        ],
        "p3": 0.6666666666666666,
        "r5": 1,
        "rr": 1,
        "ms": 1.965375000000222
      }
    },
    {
      "query": "Result type error handling",
      "category": "exact",
      "fts5": {
        "top5": [
          "result-type",
          "pramana",
          "tui",
          "engine"
        ],
        "p3": 0.3333333333333333,
        "r5": 0.5,
        "rr": 1,
        "ms": 0.6570410000003903
      },
      "semantic": {
        "top5": [
          "result-type",
          "programming-model",
          "knowledge-artifact",
          "pramana",
          "api"
        ],
        "p3": 0.6666666666666666,
        "r5": 1,
        "rr": 1,
        "ms": 1.7246660000000702
      }
    },
    {
      "query": "Builder build",
      "category": "exact",
      "fts5": {
        "top5": [
          "engine",
          "pramana",
          "cli",
          "multi-tenant",
          "programming-model"
        ],
        "p3": 0.3333333333333333,
        "r5": 1,
        "rr": 1,
        "ms": 0.53316599999971
      },
      "semantic": {
        "top5": [
          "claude-plugin",
          "multi-tenant",
          "cli",
          "pramana",
          "programming-model"
        ],
        "p3": 0,
        "r5": 0,
        "rr": 0.16666666666666666,
        "ms": 1.4792499999998654
      }
    },
    {
      "query": "ink React terminal",
      "category": "exact",
      "fts5": {
        "top5": [
          "tui",
          "pramana"
        ],
        "p3": 0.5,
        "r5": 1,
        "rr": 1,
        "ms": 0.4040420000001177
      },
      "semantic": {
        "top5": [
          "tui",
          "cli",
          "pramana",
          "multi-tenant",
          "claude-plugin"
        ],
        "p3": 0.3333333333333333,
        "r5": 1,
        "rr": 1,
        "ms": 1.45699999999988
      }
    },
    {
      "query": "CORS JSON API",
      "category": "exact",
      "fts5": {
        "top5": [
          "api"
        ],
        "p3": 1,
        "r5": 1,
        "rr": 1,
        "ms": 0.26554200000009587
      },
      "semantic": {
        "top5": [
          "api",
          "data-source",
          "pramana",
          "cli",
          "parser"
        ],
        "p3": 0.3333333333333333,
        "r5": 1,
        "rr": 1,
        "ms": 1.6372919999998885
      }
    },
    {
      "query": "Zod schema validation",
      "category": "exact",
      "fts5": {
        "top5": [
          "knowledge-artifact"
        ],
        "p3": 1,
        "r5": 0.5,
        "rr": 1,
        "ms": 0.27254199999970297
      },
      "semantic": {
        "top5": [
          "knowledge-artifact",
          "parser",
          "programming-model",
          "storage",
          "pramana"
        ],
        "p3": 0.6666666666666666,
        "r5": 1,
        "rr": 1,
        "ms": 1.6323750000001382
      }
    },
    {
      "query": "slug frontmatter",
      "category": "exact",
      "fts5": {
        "top5": [
          "parser",
          "knowledge-artifact"
        ],
        "p3": 1,
        "r5": 1,
        "rr": 1,
        "ms": 0.2980840000000171
      },
      "semantic": {
        "top5": [
          "multi-tenant",
          "programming-model",
          "engine",
          "parser",
          "knowledge-artifact"
        ],
        "p3": 0,
        "r5": 1,
        "rr": 0.25,
        "ms": 2.4508749999999964
      }
    },
    {
      "query": "data model core type",
      "category": "synonym",
      "fts5": {
        "top5": [
          "pramana"
        ],
        "p3": 0,
        "r5": 0,
        "rr": 0,
        "ms": 0.37445800000023155
      },
      "semantic": {
        "top5": [
          "programming-model",
          "knowledge-artifact",
          "result-type",
          "storage",
          "pramana"
        ],
        "p3": 0.6666666666666666,
        "r5": 1,
        "rr": 1,